_-_RGS_,url, labels, arte, sloka, date, lang, place, video, size, lastUpdatTime
, 01#BG_05-29_-_Philadelphia_USA.mp3, Philadelphia A, , bg.5.29, , , Us, , 7.6M, 2020-02-05 02:05
, 02#BG_14-01_-_Baltimore_Temple_USA.mp3, Baltimore Temple A, , bg.14.1, , , Us, , 6.6M, 2020-02-12 23:24
, 03#Various_-_Glories_of_Bhagavatam_from_Padma_Purana_-_Houston_USA.mp3, Vario - Glories of  from Padma Purana - Houston USA, , sb, , , Us, , 9.5M, 2020-02-12 23:24
, 04#SB_02-07-25_-_Houston_USA.mp3, Hoton USA, , sb.2.7.25, , , Us, , 5.9M, 2020-02-05 02:05
, 05#SB_02-07-27_-_Houston_USA.mp3, Hoton USA, , sb.2.7.27, , , Us, , 8.0M, 2020-02-05 02:05
, 06#SB_04-22-21_-_Houston_USA.MP3, Hoton USA, , sb.4.22.21, , , Us, , 8.3M, 2020-02-05 02:05
, 07#SB_04-23-29_-_Gitanagri.mp3, SB  - Gītānagri, , bg, 04-23-29, , , , 5.9M, 2020-02-12 23:24
, 08#SB_05-13-17_-_2014-10-21_ISKCON_Vrindavan.mp3, Lecture on SB 5.13.17 at Iskcon Vṛndāvana, , sb.5.13.17, 2014-10-21, , Iskcon Vṛndāvana, , 9.4M, 2020-02-04 18:52
, 09#SB_06-02-13_-_Ajamila_-_Alachua_USA.mp3, Ajamila - Alachua A, , sb.6.2.13, , , Us, , 9.1M, 2020-02-12 23:24
, 10#Festivals_-_Sravan_Lecture_-_2014-02-24_ISKCON_Mayapur.mp3, Festivals - Sravan, , , 2014-02-24, , Iskcon Mayapur, , 2.5M, 2020-02-11 05:38