Canto-,url, labels, arte, sloka, date, lang, place, video, lastUpdatTime
, #01, Canto 1, , , , , , , 2021-07-24 23:36
, #02, Canto 2, , , , , , , 2021-07-24 23:37
, #03, Canto 3, , , , , , , 2021-07-24 23:37
, #04, Canto 4, , , , , , , 2021-07-24 23:38
, #05, Canto 5, , , , , , , 2021-07-24 23:39
, #06, Canto 6, , , , , , , 2021-07-24 23:39
, #07, Canto 7, , , , , , , 2021-07-24 23:45
, #09, Canto 9, , , , , , , 2021-07-24 23:45
, #10, Canto 10, , , , , , , 2021-08-17 18:16
, #11, Canto 11, , , , , , , 2021-07-24 23:47