%20_Hindi_-_Bal_Leela-,url, labels, arte, sloka, date, lang, place, video, size, lastUpdatTime
, 01_-_RGS_SB_10-03-47_10-04-14_Hindi_-_Bal_Leela-01_-_1999_Vrindavan.mp3, Bal Leela-01 -  Vṛndāvana, , sb.10.3.47.10.4.14, 1999, hi, Vṛndāvana, , 11M, 2020-02-02 02:13
, 02_-_RGS_SB_10-05-01-12#02_-_1999_Vrindavan.mp3, Bal Leela-02 -  Vṛndāvana, , sb.10.5.1.12, 1999, hi, Vṛndāvana, , 18M, 2020-02-02 02:14
, 03_-_RGS_SB_10-05-18#03_-_1999_Vrindavan.mp3, Bal Leela-03 -  Vṛndāvana, , sb.10.5.18, 1999, hi, Vṛndāvana, , 18M, 2020-02-02 02:14
, 04_-_RGS_SB_10-06-02-17#04_-_1999_Vrindavan.mp3, Bal Leela-04 -  Vṛndāvana, , sb.10.6.2.17, 1999, hi, Vṛndāvana, , 17M, 2020-02-02 02:14
, 05_-_RGS_SB_10-06-18-33#05_-_1999_Vrindavan.mp3, Bal Leela-05 -  Vṛndāvana, , sb.10.6.18.33, 1999, hi, Vṛndāvana, , 16M, 2020-02-02 02:14
, 06_-_RGS_SB_10-06-34-44#06_-_1999_Vrindavan.mp3, Bal Leela-06 -  Vṛndāvana, , sb.10.6.34.44, 1999, hi, Vṛndāvana, , 13M, 2020-02-02 02:14
, 07_-_RGS_SB_10-07-01-08#07_-_1999_Vrindavan.mp3, Bal Leela-07 -  Vṛndāvana, , sb.10.7.1.8, 1999, hi, Vṛndāvana, , 10M, 2020-02-02 02:14
, 08_-_RGS_SB_10-07-09-37#08_-_1999_Vrindavan.mp3, Bal Leela-08 -  Vṛndāvana, , sb.10.7.9.37, 1999, hi, Vṛndāvana, , 14M, 2020-02-02 02:14
, 09_-_RGS_SB_10-08-01-20#09_-_1999_Vrindavan.mp3, Bal Leela-09 -  Vṛndāvana, , sb.10.8.1.20, 1999, hi, Vṛndāvana, , 15M, 2020-02-02 02:14
, 10_-_RGS_SB_10-08-21-31#10_-_1999_Vrindavan.mp3, Bal Leela-10 -  Vṛndāvana, , sb.10.8.21.31, 1999, hi, Vṛndāvana, , 15M, 2020-02-02 02:14
, 11_-_RGS_SB_10-08-32-52#11_-_1999_Vrindavan.mp3, Bal Leela-11 -  Vṛndāvana, , sb.10.8.32.52, 1999, hi, Vṛndāvana, , 16M, 2020-02-02 02:14
, 12_-_RGS_SB_10-09-01-12#12_-_1999_Vrindavan.mp3, Bal Leela-12 -  Vṛndāvana, , sb.10.9.1.12, 1999, hi, Vṛndāvana, , 10M, 2020-02-02 02:14
, 13_-_RGS_SB_10-09-13_11-06#13_-_1999_Vrindavan.mp3, Bal Leela-13 -  Vṛndāvana, , sb.10.9.13.11.6, 1999, hi, Vṛndāvana, , 17M, 2020-02-02 01:49