_-_Narsimha_Avatara_Day-0,url, labels, arte, sloka, date, lang, place, video, size, lastUpdatTime
, 01_-_RGS_SB_07-07-01-17#1-Morning_-_2013_Haridwar.mp3, Narsimha Avatara Day-01-Morning -  Haridwar, , sb.7.7.1.17, 2013, , , , 9.3M, 2020-02-19 01:05
, 02_-_RGS_SB_07-07-18-20#1-Evening_-_2013_Haridwar.mp3, Narsimha Avatara Day-01-Evening -  Haridwar, , sb.7.7.18.20, 2013, , , , 9.3M, 2020-02-24 05:54
, 03_-_RGS_SB_07-07-21-23#2-Morning_-_2013_Haridwar.mp3, Narsimha Avatara Day-02-Morning -  Haridwar, , sb.7.7.21.23, 2013, , , , 8.9M, 2020-02-24 05:54
, 04_-_RGS_SB_07-07-24-25#2-Evening_-_2013_Haridwar.mp3, Narsimha Avatara Day-02-Evening -  Haridwar, , sb.7.7.24.25, 2013, , , , 14M, 2020-02-19 01:05
, 05_-_RGS_SB_07-07-26#3-Morning_-_2013_Haridwar.mp3, Narsimha Avatara Day-03-Morning -  Haridwar, , sb.7.7.26, 2013, , , , 9.0M, 2020-02-19 01:05
, 06_-_RGS_SB_07-07-27-30#3-Evening_-_2013_Haridwar.mp3, Narsimha Avatara Day-03-Evening -  Haridwar, , sb.7.7.27.30, 2013, , , , 9.7M, 2020-02-24 23:12
, 07_-_RGS_SB_07-07-31-37#4-Morning_-_2013_Haridwar.mp3, Narsimha Avatara Day-04-Morning -  Haridwar, , sb.7.7.31.37, 2013, , , , 16M, 2020-02-24 23:13
, 08_-_RGS_SB_07-07-38#4-Evening_-_2013_Haridwar.mp3, Narsimha Avatara Day-04-Evening -  Haridwar, , sb.7.7.38, 2013, , , , 6.9M, 2020-02-24 23:11
, 09_-_RGS_SB_07-07-39-48#5-Morning_-_2013_Haridwar.mp3, Narsimha Avatara Day-05-Morning -  Haridwar, , sb.7.7.39.48, 2013, , , , 15M, 2020-02-19 01:05
, 10_-_RGS_SB_07-07-49-55#5-Evening_-_2013_Haridwar.mp3, Narsimha Avatara Day-05-Evening -  Haridwar, , sb.7.7.49.55, 2013, , , , 9.0M, 2020-02-19 01:05
, 11_-_RGS_SB_07-08-01-11#6-Morning_-_2013_Haridwar.mp3, Narsimha Avatara Day-06-Morning -  Haridwar, , sb.7.8.1.11, 2013, , , , 11M, 2020-02-19 01:05
, 12_-_RGS_SB_07-08-12-28#6-Evening_-_2013_Haridwar.mp3, Narsimha Avatara Day-06-Evening -  Haridwar, , sb.7.8.12.28, 2013, , , , 12M, 2020-02-19 01:05
, 13_-_RGS_SB_07-08-29-46#7-Morning_-_2013_Haridwar.mp3, Narsimha Avatara Day-07-Morning -  Haridwar, , sb.7.8.29.46, 2013, , , , 13M, 2020-02-19 01:05
, 14_-_RGS_SB_07-08-47-56#7-Evening_-_2013_Haridwar.mp3, Narsimha Avatara Day-07-Evening -  Haridwar, , sb.7.8.47.56, 2013, , , , 12M, 2020-02-24 23:14
, 15_-_RGS_SB_07-09-01-08#8-Morning_-_2013_Haridwar.mp3, Narsimha Avatara Day-08-Morning -  Haridwar, , sb.7.9.1.8, 2013, , , , 12M, 2020-02-24 23:15
, 16_-_RGS_SB_07-09-09-11#8-Evening_-_2013_Haridwar.mp3, Narsimha Avatara Day-08-Evening -  Haridwar, , sb.7.9.9.11, 2013, , , , 17M, 2020-02-24 23:15
, 17_-_RGS_SB_07-09-12-16#9-Morning_-_2013_Haridwar.mp3, Narsimha Avatara Day-09-Morning -  Haridwar, , sb.7.9.12.16, 2013, , , , 7.0M, 2020-02-24 23:14
, 18_-_RGS_SB_07-09-51-55#9-Evening_-_2013_Haridwar.mp3, Narsimha Avatara Day-09-Evening -  Haridwar, , sb.7.9.51.55, 2013, , , , 16M, 2020-02-24 23:15