-SB_10-,url, labels, arte, sloka, date, lang, place, video, lastUpdatTime
, 01_-_Krishna_ki_Janma_Katha-SB_09-24_10-05_-_2008_Maroda_UP, Kṛṣṇa ki Janma Katha- -  Maroda UP, , sb.9.24.10.5, 2008, , , , 2021-08-17 19:27
, 02_-_Bhagavan_Krishna_ka_Prakatya#01_-_2013_Vrindavan, Bhagavan Kṛṣṇa ka Prakatya- -  Vṛndāvana, , sb.10.1, 2013, , Vṛndāvana, , 2021-08-17 19:28
, 03_-_Sri_Krishna_Janma_Mahotsva#01_-_2017_Vrindavan, Śrī Kṛṣṇa Janma Mahotsva- -  Vṛndāvana, , sb.10.1, 2017, , Vṛndāvana, , 2021-08-17 19:37
, 04_-_Devatao_dwara_Krishna_ki_Stuti#01-03_-_2014_Vrindavan, Devatao dwara Kṛṣṇa ki Stuti- -  Vṛndāvana, , sb.10.1.3, 2014, , Vṛndāvana, , 2021-08-17 20:23
, 05_-_Krishna_Janma_Lila#01-05_-_2011_Vrindavan, Kṛṣṇa Janma Līlā- -  Vṛndāvana, , sb.10.1.5, 2011, , Vṛndāvana, , 2021-08-26 20:55
, 06_-_Bal_Leela#03-11_-_1999_Vrindavan, Bal Leela- -  Vṛndāvana, , sb.10.3.11, 1999, , Vṛndāvana, , 2021-08-17 20:26
, 07_-_Putana_Vadha#06_-_2005, Putana Vadha, , sb.10.6, 2005, , , , 2021-08-01 21:23
, 08_-_Putana_Uddhar_Leela#06_-_2008_Vrindavan, Putana Uddhar Leela- -  Vṛndāvana, , sb.10.6, 2008, , Vṛndāvana, , 2021-08-01 21:33
, 09_-_Putana_Uddhar_Katha#06_-_2011_Vrindavan, Putana Uddhar Katha- -  Vṛndāvana, , sb.10.6, 2011, , Vṛndāvana, , 2021-08-17 20:32
, 10_-_Nama_Sanskar_Leela#06-08_-_2008_Vrindavan, Nama Sanskar Leela- -  Vṛndāvana, , sb.10.6.8, 2008, , Vṛndāvana, , 2021-08-17 20:38
, 11_-_Bhagavan_ki_Baal_Leela#06-10_-_1996_New_York, Bhagavan ki Baal Leela, , sb.10.6.10, 1996, , New York, , 2021-08-05 23:38
, 12_-_Shakat_Bhanjan_Leela#07-08_-_2008_Vrindavan, Shakat Bhanjan Leela- -  Vṛndāvana, , sb.10.7.8, 2008, , Vṛndāvana, , 2021-08-05 23:39
, 13_-_Mitti_Bhakchhan_Leela#08_-_2008_Vrindavan, Mitti Bhakchhan Leela- -  Vṛndāvana, , sb.10.8, 2008, , Vṛndāvana, , 2021-08-17 20:40
, 14_-_Damodar_Lila#09-10_-_2012_Vrindavan, Damodar Līlā- -  Vṛndāvana, , sb.10.9.10, 2012, , Vṛndāvana, , 2021-08-17 20:40
, 15_-_Ukkhal_Bandhan_Leela#09-11_-_2008_Mauritius, khal Bandhan Leela- -  Mauritius, , sb.10.9.11, 2008, , Uk, , 2021-08-26 20:50
, 16_-_Bakasur_Uddhar_Leela#11-12_-_2007, Bakasur Uddhar Leela, , sb.10.11.12, 2007, , , , 2021-08-17 20:41
, 17_-_Aghasur_Uddhar_Leela#12-13_-_2014_Haridwar, Aghasur Uddhar Leela- -  Haridwar, , sb.10.12.13, 2014, , , , 2021-08-05 23:45
, 18_-_Brahma_Vimohan_Leela#12-14_-_2002_Bhuvaneshwar, Brahma Vimohan Leela- -  Bhuvaneshwar, , sb.10.12.14, 2002, , , , 2021-08-17 20:41
, 19_-_Brahma_ki_Stuti#14_-_2010_Vrindavan, Brahma ki Stuti- -  Vṛndāvana, , sb.10.14, 2010, , Vṛndāvana, , 2021-08-17 20:43
, 20_-_Kaliya_Daman_Leela#15-16_-_2006_Bhuvaneshwar, Kaliya Daman Leela- -  Bhuvaneshwar, , sb.10.15.16, 2006, , , , 2021-08-17 20:43
, 21_-_Gocharan_Lila#15-19_-_ISKCON_Juhu, Gocharan Līlā, , sb.10.15.19, , , Iskcon Juhu, , 2021-08-17 20:44
, 22_-_Vrindavan_Bihar_Leela#15-19_-_2000_Haridwar, Vṛndāvana Bihar Leela- -  Haridwar, , sb.10.15.19, 2000, , Vṛndāvana, , 2021-08-17 20:46
, 23_-_Pauganda_Leela#15-21_-_1996_New_Jersey, Pauganda Leela- -  New Jersey, , sb.10.15.21, 1996, , , , 2021-08-17 20:47
, 24_-_Venu_Geet#20-21_-_2001_Haridwar, Venu Geet- -  Haridwar, , sb.10.20.21, 2001, , , , 2021-08-15 01:42
, 25_-_Venu_Geet#21_-_2006_Vrindavan, Venu Geet- -  Vṛndāvana, , sb.10.21, 2006, , Vṛndāvana, , 2021-08-17 20:48
, 26_-_Chir-Haran_Leela#22-23_-_2006_Khadia, Chir-Haran Leela- -  Khadia, , sb.10.22.23, 2006, , , , 2021-08-21 19:48
, 27_-_Brahman_Patniyo_ki_Prathana#23_-_2009_Vrindavan, Brahman Patniyo ki Prathana- -  Vṛndāvana, , sb.10.23, 2009, , Vṛndāvana, , 2021-08-17 20:50
, 28_-_Govardhan_Dharan#24-27_-_2014_ISKCON_NVCC, Govardhan Dharan, , sb.10.24.27, 2014, , ISKCON Nvcc, , 2021-08-17 20:50
, 29_-_Giriraj_Dharan_Leela#24-28_-_2007_Khadia, Giriraj Dharan Leela- -  Khadia, , sb.10.24.28, 2007, , , , 2021-08-17 20:51
, 30_-_Pranaya_Geet#29_-_Vrindavan, Pranaya Geet- - Vṛndāvana, , sb.10.29, , , Vṛndāvana, , 2021-08-06 20:04
, 31_-_Gopi_Geet_Part-01#29-30_-_2005_Haridwar, Gopi Geet Part-01- -  Haridwar, , sb.10.29.30, 2005, , , , 2021-08-17 20:52
, 32_-_Gopi_Geet_Part-02#30-32_-_2006_Haridwar, Gopi Geet Part-02- -  Haridwar, , sb.10.30.32, 2006, , , , 2021-08-17 20:53
, 33_-_Rasa_Lila#33_-_2007_Haridwar, Rasa Līlā- -  Haridwar, , sb.10.33, 2007, , , , 2021-08-17 20:54
, 34_-_Yugal_Geet#34-38_-_2007_Haridwar, Yugal Geet- -  Haridwar, , sb.10.34.38, 2007, , , , 2021-08-17 20:58
, 35_-_Akrura_Manoratha#36-38_-_Vrindavan, Akrura Manoratha- - Vṛndāvana, , sb.10.36.38, , , Vṛndāvana, , 2021-08-06 20:21
, 36_-_Kamsa_Vadha#41-45_-_2011_Charkop_Kandivali, Kamsa Vadha- -  Charkop Kandivali, , sb.10.41.45, 2011, , , , 2021-08-06 20:22
, 37_-_Krishna_ka_Mathura_mai_Pravesh#41-45_-_Chicago, Kṛṣṇa ka Mathura mai Pravesh, , sb.10.41.45, , , Chicago, , 2021-08-17 20:59
, 38_-_Mathura_Leela#41-45_-_2008_Haridwar, Mathura Leela- -  Haridwar, , sb.10.41.45, 2008, , , , 2021-08-17 21:01
, 39_-_Bhramar_Geet#46-47_-_2008_Khadia_Bihar, Bhramar Geet- -  Khadia Bihar, , sb.10.46.47, 2008, , , , 2021-08-17 21:04
, 40_-_Uddhav_Sandesh#46-47_-_1998-99_Kadiha_Bihar, Uddhav Sandesh- -  Kadiha Bihar, , sb.10.46.47, 1998-99, , , , 2021-08-17 21:13
, 41_-_Rukmini_Mangalam#52-57_-_New_Jersey, Rukmini Mangalam- - New Jersey, , sb.10.52.57, , , , , 2021-08-17 21:14
, 42_-_Krishna_ki_Vivah_Leela#56-58, Kṛṣṇa ki Vivah Leela, , sb.10.56.58, , , , , 2021-08-17 21:14