_-_Akrura_Manoratha_Part-,url, labels, arte, sloka, date, lang, place, video, size, lastUpdatTime
, 01_-_RGS_SB_10-36-16-38#01_-_Vrindavan.mp3, Akrura Manoratha Part-01 - Vṛndāvana, , sb.10.36.16.38, , , Vṛndāvana, , 16M, 2020-02-07 07:40
, 02_-_RGS_SB_10-36-39-40#02_-_Vrindavan.mp3, Akrura Manoratha Part-02 - Vṛndāvana, , sb.10.36.39.40, , , Vṛndāvana, , 12M, 2020-02-07 08:45
, 03_-_RGS_SB_10-37-01-08#03_-_Vrindavan.mp3, Akrura Manoratha Part-03 - Vṛndāvana, , sb.10.37.1.8, , , Vṛndāvana, , 13M, 2020-02-07 19:13
, 04_-_RGS_SB_10-37-09-33#04_-_Vrindavan.mp3, Akrura Manoratha Part-04 - Vṛndāvana, , sb.10.37.9.33, , , Vṛndāvana, , 17M, 2020-02-07 19:13
, 05_-_RGS_SB_10-38-01-06%20#05_-_Vrindavan.mp3, Akrura Manoratha Part-05 - Vṛndāvana, , sb.10.38.1.6, , , Vṛndāvana, , 13M, 2020-02-07 19:14
, 06_-_RGS_SB_10-38-07-08%20#06_-_Vrindavan.mp3, Akrura Manoratha Part-06 - Vṛndāvana, , sb.10.38.7.8, , , Vṛndāvana, , 13M, 2020-02-07 19:14
, 07_-_RGS_SB_10-38-09-10%20#07_-_Vrindavan.mp3, Akrura Manoratha Part-07 - Vṛndāvana, , sb.10.38.9.10, , , Vṛndāvana, , 13M, 2020-02-07 19:15
, 08_-_RGS_SB_10-38-11-12%20#08_-_Vrindavan.mp3, Akrura Manoratha Part-08 - Vṛndāvana, , sb.10.38.11.12, , , Vṛndāvana, , 15M, 2020-02-07 19:15
, 09_-_RGS_SB_10-38-13-15%20#09_-_Vrindavan.mp3, Akrura Manoratha Part-09 - Vṛndāvana, , sb.10.38.13.15, , , Vṛndāvana, , 14M, 2020-02-07 19:16
, 10_-_RGS_SB_10-38-16-17%20#10_-_Vrindavan.mp3, Akrura Manoratha Part-10 - Vṛndāvana, , sb.10.38.16.17, , , Vṛndāvana, , 15M, 2020-02-07 08:08
, 11_-_RGS_SB_10-38-18-23%20#11_-_Vrindavan.mp3, Akrura Manoratha Part-11 - Vṛndāvana, , sb.10.38.18.23, , , Vṛndāvana, , 16M, 2020-02-07 07:43
, 12_-_RGS_SB_10-38-24%20#12_-_Vrindavan.mp3, Akrura Manoratha Part-12 - Vṛndāvana, , sb.10.38.24, , , Vṛndāvana, , 16M, 2020-02-07 07:44