RGS_-_Srimad_Bhagavatam_Shloka_Recitation_Canto-04_Chapter-,url, labels, arte, sloka, date, lang, place, video, size, lastUpdatTime
, #08.mp3, Śrīmad Bhāgavatam Shloka Recitation  Chapter 8, , sb, , , , , 2.9M, 2020-02-20 00:21
, #09.mp3, Śrīmad Bhāgavatam Shloka Recitation  Chapter 9, , sb, , , , , 2.7M, 2020-02-20 00:22
, #10.mp3, Śrīmad Bhāgavatam Shloka Recitation  Chapter 10, , sb, , , , , 965K, 2020-02-20 00:23
, #11.mp3, Śrīmad Bhāgavatam Shloka Recitation  Chapter 11, , sb, , , , , 1.3M, 2020-02-20 00:25
, #12.mp3, Śrīmad Bhāgavatam Shloka Recitation  Chapter 12, , sb, , , , , 2.0M, 2020-02-20 00:27
, #13.mp3, Śrīmad Bhāgavatam Shloka Recitation  Chapter 13, , sb, , , , , 1.6M, 2020-02-20 00:29
, #14.mp3, Śrīmad Bhāgavatam Shloka Recitation  Chapter 14, , sb, , , , , 1.3M, 2020-02-20 00:31
, #15.mp3, Śrīmad Bhāgavatam Shloka Recitation  Chapter 15, , sb, , , , , 791K, 2020-02-20 00:33
, #16.mp3, Śrīmad Bhāgavatam Shloka Recitation  Chapter 16, , sb, , , , , 942K, 2020-02-20 00:35
, #17.mp3, Śrīmad Bhāgavatam Shloka Recitation  Chapter 17, , sb, , , , , 1.2M, 2020-02-20 00:37
, #18.mp3, Śrīmad Bhāgavatam Shloka Recitation  Chapter 18, , sb, , , , , 904K, 2020-02-20 00:39
, #19.mp3, Śrīmad Bhāgavatam Shloka Recitation  Chapter 19, , sb, , , , , 1.1M, 2020-02-20 00:41
, #20.mp3, Śrīmad Bhāgavatam Shloka Recitation  Chapter 20, , sb, , , , , 1.3M, 2020-02-20 00:43
, #21.mp3, Śrīmad Bhāgavatam Shloka Recitation  Chapter 21, , sb, , , , , 1.9M, 2020-02-20 00:45
, #22.mp3, Śrīmad Bhāgavatam Shloka Recitation  Chapter 22, , sb, , , , , 2.1M, 2020-02-20 00:47
, #23.mp3, Śrīmad Bhāgavatam Shloka Recitation  Chapter 23, , sb, , , , , 1.2M, 2020-02-20 00:50
, #24.mp3, Śrīmad Bhāgavatam Shloka Recitation  Chapter 24, , sb, , , , , 2.7M, 2020-02-20 00:53
, #25.mp3, Śrīmad Bhāgavatam Shloka Recitation  Chapter 25, , sb, , , , , 1.8M, 2020-02-20 00:55
, #26.mp3, Śrīmad Bhāgavatam Shloka Recitation  Chapter 26, , sb, , , , , 909K, 2020-02-20 00:56
, #27.mp3, Śrīmad Bhāgavatam Shloka Recitation  Chapter 27, , sb, , , , , 919K, 2020-02-20 00:58
, #28.mp3, Śrīmad Bhāgavatam Shloka Recitation  Chapter 28, , sb, , , , , 1.8M, 2020-02-20 01:00
, #29.mp3, Śrīmad Bhāgavatam Shloka Recitation  Chapter 29, , sb, , , , , 2.6M, 2020-02-20 01:02
, #30.mp3, Śrīmad Bhāgavatam Shloka Recitation  Chapter 30, , sb, , , , , 1.7M, 2020-02-20 01:04
, #31.mp3, Śrīmad Bhāgavatam Shloka Recitation  Chapter 31, , sb, , , , , 1.2M, 2020-02-20 01:05