_Hindi_-_Ajamila_Upakhyan-,url, labels, arte, sloka, date, lang, place, video, size, lastUpdatTime
, RGS_SB_06-01-06-14#01_-_ISKCON_Juhu.mp3, Ajamila Upakhyan-01, , sb.6.1.6.14, , hi, Iskcon Juhu, , 10M, 2020-02-23 06:39
, RGS_SB_06-01-14-22#02_-_ISKCON_Juhu.mp3, Ajamila Upakhyan-02, , sb.6.1.14.22, , hi, Iskcon Juhu, , 10M, 2020-02-18 00:35
, RGS_SB_06-01-22-36#03_-_ISKCON_Juhu.mp3, Ajamila Upakhyan-03, , sb.6.1.22.36, , hi, Iskcon Juhu, , 11M, 2020-02-23 06:38
, RGS_SB_06-01-36-44#04_-_ISKCON_Juhu.mp3, Ajamila Upakhyan-04, , sb.6.1.36.44, , hi, Iskcon Juhu, , 10M, 2020-02-23 06:38
, RGS_SB_06-01-44-49#05_-_ISKCON_Juhu.mp3, Ajamila Upakhyan-05, , sb.6.1.44.49, , hi, Iskcon Juhu, , 10M, 2020-02-23 06:40
, RGS_SB_06-01-49-59#06_-_ISKCON_Juhu.mp3, Ajamila Upakhyan-06, , sb.6.1.49.59, , hi, Iskcon Juhu, , 10M, 2020-02-18 00:35
, RGS_SB_06-01-59_06-02-01#07_-_ISKCON_Juhu.mp3, Ajamila Upakhyan-07, , sb.6.1.59.6.2.1, , hi, Iskcon Juhu, , 11M, 2020-02-18 00:35
, RGS_SB_06-02-01-14#08_-_ISKCON_Juhu.mp3, Ajamila Upakhyan-08, , sb.6.2.1.14, , hi, Iskcon Juhu, , 11M, 2020-02-18 00:35
, RGS_SB_06-02-27-49#09_-_ISKCON_Juhu.mp3, Ajamila Upakhyan-09, , sb.6.2.27.49, , hi, Iskcon Juhu, , 10M, 2020-02-18 00:35
, RGS_SB_06-03-01-18#10_-_ISKCON_Juhu.mp3, Ajamila Upakhyan-10, , sb.6.3.1.18, , hi, Iskcon Juhu, , 10M, 2020-02-18 00:35
, RGS_SB_06-03-19-35#11_-_ISKCON_Juhu.mp3, Ajamila Upakhyan-11, , sb.6.3.19.35, , hi, Iskcon Juhu, , 6.3M, 2020-02-23 06:42