_Hindi_-_Gajendra_Stuti-,url, labels, arte, sloka, date, lang, place, video, size, lastUpdatTime
, 01_-_RGS_SB_08-01-11#01_-_2003.mp3, Lecture on SB 8.1.11, , sb.8.1.11, 2003, hi, , , 7.6M, 2020-02-24 07:51
, 02_-_RGS_SB_08-01-12-29#02_-_2003.mp3, Lecture on SB 8.1.12.29, , sb.8.1.12.29, 2003, hi, , , 17M, 2020-02-22 01:30
, 03_-_RGS_SB_08-01-30-31#03_-_2003.mp3, Lecture on SB 8.1.30.31, , sb.8.1.30.31, 2003, hi, , , 19M, 2020-02-24 07:51
, 04_-_RGS_SB_08-02-32_08-03-05#04_-_2003.mp3, Lecture on SB 8.2.32.8.3.5, , sb.8.2.32.8.3.5, 2003, hi, , , 15M, 2020-02-24 07:51
, 05_-_RGS_SB_08-03-06-07#05_-_2003.mp3, Lecture on SB 8.3.6.7, , sb.8.3.6.7, 2003, hi, , , 10M, 2020-02-24 07:51
, 06_-_RGS_SB_08-03-08-10#06_-_2003.mp3, Lecture on SB 8.3.8.10, , sb.8.3.8.10, 2003, hi, , , 12M, 2020-02-22 04:30
, 07_-_RGS_SB_08-03-11-21#07_-_2003.mp3, Lecture on SB 8.3.11.21, , sb.8.3.11.21, 2003, hi, , , 18M, 2020-02-22 04:30
, 08_-_RGS_SB_08-03-18-19#08_-_2003.mp3, Lecture on SB 8.3.18.19, , sb.8.3.18.19, 2003, hi, , , 9.6M, 2020-02-22 06:03
, 09_-_RGS_SB_08-03-20#09_-_2003.mp3, Lecture on SB 8.3.20, , sb.8.3.20, 2003, hi, , , 7.3M, 2020-02-24 07:51
, 10_-_RGS_SB_08-03-21-22#10_-_2003.mp3, Lecture on SB 8.3.21.22, , sb.8.3.21.22, 2003, hi, , , 9.9M, 2020-02-24 07:52
, 11_-_RGS_SB_08-03-23-29#11_-_2003.mp3, Lecture on SB 8.3.23.29, , sb.8.3.23.29, 2003, hi, , , 9.9M, 2020-02-22 06:03
, 12_-_RGS_SB_08-03-30-32#12_-_2003.mp3, Lecture on SB 8.3.30.32, , sb.8.3.30.32, 2003, hi, , , 7.8M, 2020-02-22 06:03
, 13_-_RGS_SB_08-03-33_08-04-13#13_-_2003.mp3, Lecture on SB 8.3.33.8.4.13, , sb.8.3.33.8.4.13, 2003, hi, , , 9.8M, 2020-02-24 07:52
, 14_-_RGS_SB_08-04-14-19#14_-_2003.mp3, Lecture on SB 8.4.14.19, , sb.8.4.14.19, 2003, hi, , , 9.7M, 2020-02-24 07:52
, 15_-_RGS_SB_08-04-20-25#15_-_2003.mp3, Lecture on SB 8.4.20.25, , sb.8.4.20.25, 2003, hi, , , 5.3M, 2020-02-22 06:03
, 16_-_RGS_SB_08-04#16_-_2003.mp3, Lecture on SB 8.4, , sb.8.4, 2003, hi, , , 4.0M, 2020-02-24 07:51