_Hindi_-_Samundra_Manthan_Leela_Part-,url, labels, arte, sloka, date, lang, place, video, size, lastUpdatTime
, RGS_SB_08-05-01-25#01_-_Bhubaneshwar.mp3, Samundra Manthan Leela Part-01 - Bhubaneshwar, , sb.8.5.1.25, , hi, , , 18M, 2020-02-23 01:32
, RGS_SB_08-05-26-27#02_-_Bhubaneshwar.mp3, Samundra Manthan Leela Part-02 - Bhubaneshwar, , sb.8.5.26.27, , hi, , , 10M, 2020-02-23 01:29
, RGS_SB_08-05-27-29#03_-_Bhubaneshwar.mp3, Samundra Manthan Leela Part-03 - Bhubaneshwar, , sb.8.5.27.29, , hi, , , 12M, 2020-02-23 01:30
, RGS_SB_08-05-30_08-06-12#04_-_Bhubaneshwar.mp3, Samundra Manthan Leela Part-04 - Bhubaneshwar, , sb.8.5.30.8.6.12, , hi, , , 19M, 2020-02-23 01:34
, RGS_SB_08-06-13_08-07-10#05_-_Bhubaneshwar.mp3, Samundra Manthan Leela Part-05 - Bhubaneshwar, , sb.8.6.13.8.7.10, , hi, , , 24M, 2020-02-23 01:36
, RGS_SB_08-07-11-43#06_-_Bhubaneshwar.mp3, Samundra Manthan Leela Part-06 - Bhubaneshwar, , sb.8.7.11.43, , hi, , , 18M, 2020-02-23 01:35
, RGS_SB_08-07-44_08-08-18#07_-_Bhubaneshwar.mp3, Samundra Manthan Leela Part-07 - Bhubaneshwar, , sb.8.7.44.8.8.18, , hi, , , 22M, 2020-02-23 01:36
, RGS_SB_08-08-19-22#08_-_Bhubaneshwar.mp3, Samundra Manthan Leela Part-08 - Bhubaneshwar, , sb.8.8.19.22, , hi, , , 19M, 2020-02-23 01:32
, RGS_SB_08-08-23-46#09_-_Bhubaneshwar.mp3, Samundra Manthan Leela Part-09 - Bhubaneshwar, , sb.8.8.23.46, , hi, , , 21M, 2020-02-23 01:29
, RGS_SB_08-09-01-27#10_-_Bhubaneshwar.mp3, Samundra Manthan Leela Part-10 - Bhubaneshwar, , sb.8.9.1.27, , hi, , , 20M, 2020-02-23 01:33
, RGS_SB_08-09-28_08-10-32#11_-_Bhubaneshwar.mp3, Samundra Manthan Leela Part-11 - Bhubaneshwar, , sb.8.9.28.8.10.32, , hi, , , 13M, 2020-02-23 01:27
, RGS_SB_08-11-01_08-12-03#12_-_Bhubaneshwar.mp3, Samundra Manthan Leela Part-12 - Bhubaneshwar, , sb.8.11.1.8.12.3, , hi, , , 13M, 2020-02-23 01:34
, RGS_SB_08-12-04-13#13_-_Bhubaneshwar.mp3, Samundra Manthan Leela Part-13 - Bhubaneshwar, , sb.8.12.4.13, , hi, , , 23M, 2020-02-23 01:36
, RGS_SB_08-12-14-47#14_-_Bhubaneshwar.mp3, Samundra Manthan Leela Part-14 - Bhubaneshwar, , sb.8.12.14.47, , hi, , , 7.7M, 2020-02-23 01:35