_Hindi_-_Nimi_Navyogendra_Samvad-,url, labels, arte, sloka, date, lang, place, video, size, lastUpdatTime
, RGS_SB_11-02-01-04#01_-_Vrindavan.mp3, Nimi Navyogendra Samvad-01 - Vṛndāvana, , sb.11.2.1.4, , hi, Vṛndāvana, , 6.6M, 2020-02-04 02:02
, RGS_SB_11-02-05-20#02_-_Vrindavan.mp3, Nimi Navyogendra Samvad-02 - Vṛndāvana, , sb.11.2.5.20, , hi, Vṛndāvana, , 16M, 2020-02-04 19:28
, RGS_SB_11-02-21-33#03_-_Vrindavan.mp3, Nimi Navyogendra Samvad-03 - Vṛndāvana, , sb.11.2.21.33, , hi, Vṛndāvana, , 15M, 2020-02-02 20:49
, RGS_SB_11-02-33-36#04_-_Vrindavan.mp3, Nimi Navyogendra Samvad-04 - Vṛndāvana, , sb.11.2.33.36, , hi, Vṛndāvana, , 7.8M, 2020-02-02 20:46
, RGS_SB_11-02-36-37#05_-_Vrindavan.mp3, Nimi Navyogendra Samvad-05 - Vṛndāvana, , sb.11.2.36.37, , hi, Vṛndāvana, , 15M, 2020-02-02 20:49
, RGS_SB_11-02-38-42#06_-_Vrindavan.mp3, Nimi Navyogendra Samvad-06 - Vṛndāvana, , sb.11.2.38.42, , hi, Vṛndāvana, , 13M, 2020-02-02 20:46
, RGS_SB_11-02-42-49#07_-_Vrindavan.mp3, Nimi Navyogendra Samvad-07 - Vṛndāvana, , sb.11.2.42.49, , hi, Vṛndāvana, , 13M, 2020-02-02 20:48
, RGS_SB_11-02-49-55#08_-_Vrindavan.mp3, Nimi Navyogendra Samvad-08 - Vṛndāvana, , sb.11.2.49.55, , hi, Vṛndāvana, , 15M, 2020-02-04 19:28
, RGS_SB_11-03-01-18#09_-_Vrindavan.mp3, Nimi Navyogendra Samvad-09 - Vṛndāvana, , sb.11.3.1.18, , hi, Vṛndāvana, , 14M, 2020-02-02 20:49
, RGS_SB_11-03-18-27#10_-_Vrindavan.mp3, Nimi Navyogendra Samvad-10 - Vṛndāvana, , sb.11.3.18.27, , hi, Vṛndāvana, , 15M, 2020-02-02 20:50
, RGS_SB_11-03-27-32#11_-_Vrindavan.mp3, Nimi Navyogendra Samvad-11 - Vṛndāvana, , sb.11.3.27.32, , hi, Vṛndāvana, , 15M, 2020-02-02 20:50
, RGS_SB_11-03-32-41#12_-_Vrindavan.mp3, Nimi Navyogendra Samvad-12 - Vṛndāvana, , sb.11.3.32.41, , hi, Vṛndāvana, , 15M, 2020-02-02 20:47
, RGS_SB_11-05-41-52#13_-_Vrindavan.mp3, Nimi Navyogendra Samvad-13 - Vṛndāvana, , sb.11.5.41.52, , hi, Vṛndāvana, , 8.5M, 2020-02-02 20:46