_Hindi_-_Sri_Krishna_Janma_Lila_Day-,url, labels, arte, sloka, date, lang, place, video, size, lastUpdatTime
, 01_-_RGS_SB_10-01-05-13#01_-_2011-08-12_Vrindavan.mp3, Śrī Kṛṣṇa Janma Līlā Day-01 -  Vṛndāvana, , sb.10.1.5.13, 2011-08-12, hi, Vṛndāvana, , 10M, 2020-02-22 04:01
, 02_-_RGS_SB_10-01-14-26#02_-_2011-08-13_Vrindavan.mp3, Śrī Kṛṣṇa Janma Līlā Day-02 -  Vṛndāvana, , sb.10.1.14.26, 2011-08-13, hi, Vṛndāvana, , 13M, 2020-02-22 04:01
, 03_-_RGS_SB_10-01-27-55#03_-_2011-08-14_Vrindavan.mp3, Śrī Kṛṣṇa Janma Līlā Day-03 -  Vṛndāvana, , sb.10.1.27.55, 2011-08-14, hi, Vṛndāvana, , 22M, 2020-02-22 04:08
, 04_-_RGS_SB_10-01-56_10-02-15#04_-_2011-08-15_Vrindavan.mp3, Śrī Kṛṣṇa Janma Līlā Day-04 -  Vṛndāvana, , sb.10.1.56.10.2.15, 2011-08-15, hi, Vṛndāvana, , 17M, 2020-02-22 04:07
, 05_-_RGS_SB_10-02-16-24#05_-_2011-08-16_Vrindavan.mp3, Śrī Kṛṣṇa Janma Līlā Day-05 -  Vṛndāvana, , sb.10.2.16.24, 2011-08-16, hi, Vṛndāvana, , 16M, 2020-02-22 04:01
, 06_-_RGS_SB_10-02-25-33#06_-_2011-08-17_Vrindavan.mp3, Śrī Kṛṣṇa Janma Līlā Day-06 -  Vṛndāvana, , sb.10.2.25.33, 2011-08-17, hi, Vṛndāvana, , 17M, 2020-02-22 04:08
, 07_-_RGS_SB_10-02-34-42#07_-_2011-08-18_Vrindavan.mp3, Śrī Kṛṣṇa Janma Līlā Day-07 -  Vṛndāvana, , sb.10.2.34.42, 2011-08-18, hi, Vṛndāvana, , 22M, 2020-02-22 04:06
, 08_-_RGS_SB_10-03-01-33#08_-_2011-08-19_Vrindavan.mp3, Śrī Kṛṣṇa Janma Līlā Day-08 -  Vṛndāvana, , sb.10.3.1.33, 2011-08-19, hi, Vṛndāvana, , 26M, 2020-02-22 04:08
, 09_-_RGS_SB_10-03-34-53#09_-_2011-08-20_Vrindavan.mp3, Śrī Kṛṣṇa Janma Līlā Day-09 -  Vṛndāvana, , sb.10.3.34.53, 2011-08-20, hi, Vṛndāvana, , 17M, 2020-02-22 04:08
, 10_-_RGS_SB_10-04-01-46#10_-_2011-08-21_Vrindavan.mp3, Śrī Kṛṣṇa Janma Līlā Day-10 -  Vṛndāvana, , sb.10.4.1.46, 2011-08-21, hi, Vṛndāvana, , 19M, 2020-02-22 04:02
, 11_-_RGS_SB_10-05-01-32#11_-_2011-08-22_Vrindavan.mp3, Śrī Kṛṣṇa Janma Līlā Day-11 -  Vṛndāvana, , sb.10.5.1.32, 2011-08-22, hi, Vṛndāvana, , 15M, 2020-02-22 04:07