_Hindi_-_Kunti_aur_Bhishmadev_ki_Prarthana-,url, labels, arte, sloka, date, lang, place, video, size, lastUpdatTime
, RGS_SB_01-07-01-10#01_-_Mumbai.mp3, Lecture on SB 1.7.1.10 at Mumbai, , sb.1.7.1.10, , hi, Mumbai, , 23M, 2020-02-14 07:55
, RGS_SB_01-07-11-21#02_-_Mumbai.mp3, Lecture on SB 1.7.11.21 at Mumbai, , sb.1.7.11.21, , hi, Mumbai, , 19M, 2020-02-14 07:56
, RGS_SB_01-07-22-58#03_-_Mumbai.mp3, Lecture on SB 1.7.22.58 at Mumbai, , sb.1.7.22.58, , hi, Mumbai, , 16M, 2020-02-14 07:53
, RGS_SB_01-08-01-17#04_-_Mumbai.mp3, Lecture on SB 1.8.1.17 at Mumbai, , sb.1.8.1.17, , hi, Mumbai, , 20M, 2020-02-14 07:56
, RGS_SB_01-08-18-20#05_-_Mumbai.mp3, Lecture on SB 1.8.18.20 at Mumbai, , sb.1.8.18.20, , hi, Mumbai, , 26M, 2020-02-14 07:57
, RGS_SB_01-08-21-26#06_-_Mumbai.mp3, Lecture on SB 1.8.21.26 at Mumbai, , sb.1.8.21.26, , hi, Mumbai, , 18M, 2020-02-14 07:56
, RGS_SB_01-08-27-36#07_-_Mumbai.mp3, Lecture on SB 1.8.27.36 at Mumbai, , sb.1.8.27.36, , hi, Mumbai, , 25M, 2020-02-14 07:55
, RGS_SB_01-08-37-45#08_-_Mumbai.mp3, Lecture on SB 1.8.37.45 at Mumbai, , sb.1.8.37.45, , hi, Mumbai, , 17M, 2020-02-14 07:54
, RGS_SB_01-08-46_01-09-04#09_-_Mumbai.mp3, Lecture on SB 1.8.46.1.9.4 at Mumbai, , sb.1.8.46.1.9.4, , hi, Mumbai, , 20M, 2020-02-14 07:57
, RGS_SB_01-09-05-21#10_-_Mumbai.mp3, Lecture on SB 1.9.5.21 at Mumbai, , sb.1.9.5.21, , hi, Mumbai, , 21M, 2020-02-14 07:57
, RGS_SB_01-09-22-31#11_-_Mumbai.mp3, Lecture on SB 1.9.22.31 at Mumbai, , sb.1.9.22.31, , hi, Mumbai, , 20M, 2020-02-14 07:57
, RGS_SB_01-09-32-49#12_-_Mumbai.mp3, Lecture on SB 1.9.32.49 at Mumbai, , sb.1.9.32.49, , hi, Mumbai, , 18M, 2020-02-14 07:57
, RGS_SB_01-10-01-10#13_-_Mumbai.mp3, Lecture on SB 1.10.1.10 at Mumbai, , sb.1.10.1.10, , hi, Mumbai, , 15M, 2020-02-14 07:57
, RGS_SB_01-10-11-20#14_-_Mumbai.mp3, Lecture on SB 1.10.11.20 at Mumbai, , sb.1.10.11.20, , hi, Mumbai, , 8.9M, 2020-02-15 06:24