_-_RGS_Festivals_Hindi_-_,url, labels, arte, sloka, date, lang, place, video, size, lastUpdatTime
, 01#CC_Adi_Lila_13-19-Gaura_Purnima_Lecture_-_2018-03-02_ISKCON_Vrindavan.mp3, Festivals  - CC Ādī Līlā 13-19-Gaura Purnima Lecture, , cc.adi.13.19, 2018-03-02, hi, Iskcon Vṛndāvana, , 16M, 2020-02-02 00:40
, 02#Chaitanya_Mahaprabhu_ka_Janma_Varnan-01.mp3, Festivals  - Caitanya Mahaprabhu ka Janma Varnan-01, , , , hi, , , 9.2M, 2020-02-01 08:29
, 03#Damodarashtakam_Sloka-01.mp3, Festivals  - Damodarashtakam Sloka-01, , , , hi, , , 10M, 2020-02-01 02:54
, 04#Damodarashtakam_Sloka-02.mp3, Festivals  - Damodarashtakam Sloka-02, , , , hi, , , 9.8M, 2020-02-01 02:54
, 05#Jagannathastakam_Sloka-01-Jagannath_Katha_-_2013-06-23_ISKCON_Juhu.mp3, Festivals  - Jagannathastakam Sloka-01-Jagannath Katha, , , 2013-06-23, hi, Iskcon Juhu, , 15M, 2020-02-13 21:30
, 06#Jagannathastakam_Sloka-02-Jagannath_Katha_-_2013-07-01_ISKCON_Juhu.mp3, Festivals  - Jagannathastakam Sloka-02-Jagannath Katha, , , 2013-07-01, hi, Iskcon Juhu, , 9.5M, 2020-02-03 03:07
, 07#Jagannathastakam_Sloka-03-Jagannath_Katha_-_2013-07-02_ISKCON_Juhu.mp3, Festivals  - Jagannathastakam Sloka-03-Jagannath Katha, , , 2013-07-02, hi, Iskcon Juhu, , 12M, 2020-02-03 04:40
, 08#Jagannathastakam_Sloka-04-Jagannath_Katha_-_2013-07-03_ISKCON_Juhu.mp3, Festivals  - Jagannathastakam Sloka-04-Jagannath Katha, , , 2013-07-03, hi, Iskcon Juhu, , 8.5M, 2020-02-03 03:07
, 09#Jagannathastakam_Sloka-08-Jagannath_Katha_-_2013-07-05_ISKCON_Juhu.mp3, Festivals  - Jagannathastakam Sloka-08-Jagannath Katha, , , 2013-07-05, hi, Iskcon Juhu, , 8.5M, 2020-02-03 03:07
, 10#Jaggannathastakam_Sloka-01-Rath_Yatra_-_2017-06-25_Punjabi_Bagh.mp3, Festivals  - Jaggannathastakam Sloka-01-Rath Yatra, , , 2017-06-25, hi, Punjabi Bagh, , 11M, 2020-02-13 21:30
, 11#Janmastami_Lecture_-_Vrindavan.mp3, Festivals  - Janmastami Lecture - Vṛndāvana, , , , hi, Vṛndāvana, , 15M, 2020-02-08 08:44
, 12#Narasimha_Chaturdashi.mp3, Festivals  - Narasimha Chaturdashi, , , , hi, , , 19M, 2020-02-11 06:29
, 13#Nityananda_Trayodashi.mp3, Festivals  - Nityananda Trayodashi, , , , hi, , , 5.1M, 2020-02-05 02:51
, 14#Nityananda_Trayodashi_-_2018-01-29_ISKCON_Vrindavan.mp3, Festivals  - Nityananda Trayodashi, , , 2018-01-29, hi, Iskcon Vṛndāvana, , 12M, 2020-02-05 06:58
, 15#Ramanavami-Appearance_Day_of_Lord_Sri_Rama_-_2011-04-12_ISKCON_Juhu.mp3, Festivals  - Ramanavami-Appearance Day of Lord Śrī Rama, , , 2011-04-12, hi, Iskcon Juhu, , 6.6M, 2020-02-05 03:27
, 16#SB_07-09-52-Narsimha_Dev_Appearance_Day_-_2017-05-09_ISKCON_Vrindavan.mp3, Festivals  - -Narsimha Dev Appearance Day, , sb.7.9.52, 2017-05-09, hi, Iskcon Vṛndāvana, , 6.2M, 2020-02-15 01:05
, 17#SB_08-17-08-Sri_Vaman_Avatar.mp3, Festivals  - -Śrī Vaman Avatar, , sb.8.17.8, , hi, , , 9.0M, 2020-02-04 02:30
, 18#SB_10-01-01-Balarama_Jayanti_-_2016-08-18_ISKCON_Vrindavan.mp3, Festivals  - -Balarama Jayanti, , sb.10.1.1, 2016-08-18, hi, Iskcon Vṛndāvana, , 10M, 2020-02-05 03:27
, 19#SB_10-02-16-Janmastami_Lecture_-_2006_Vrindavan.mp3, Festivals  - -Janmastami Lecture -  Vṛndāvana, , sb.10.2.16, 2006, hi, Vṛndāvana, , 17M, 2020-02-06 05:43
, 20#SB_10-02-25-Janmastami_Lecture_-_Vrindavan.mp3, Festivals  - -Janmastami Lecture - Vṛndāvana, , sb.10.2.25, , hi, Vṛndāvana, , 12M, 2020-02-02 20:46
, 21#SB_10-02-26-29-Janmastami_Lecture.mp3, Festivals  - -Janmastami Lecture, , sb.10.2.26.29, , hi, , , 14M, 2020-02-07 19:17
, 22#SB_10-02-42_10-03-08-Janmastami_Lecture_-_Vrindavan.mp3, Festivals  - -Janmastami Lecture - Vṛndāvana, , sb.10.2.42.10.3.8, , hi, Vṛndāvana, , 19M, 2020-02-02 20:48
, 23#SB_10-03-01-Janmastami_-_2009-08-14.mp3, Festivals  - -Janmastami, , sb.10.3.1, 2009-08-14, hi, , , 12M, 2020-02-06 03:03
, 24#SB_10-03-08-Janmastami_Katha_-_Agra.mp3, Festivals  - -Janmastami Katha - Agra, , sb.10.3.8, , hi, , , 11M, 2020-02-05 08:42
, 25#SB_10-15-01-Gopa-astami_-_Vrindavan.mp3, Festivals  - -Gopa-astami - Vṛndāvana, , sb.10.15.1, , hi, Vṛndāvana, , 8.7M, 2020-02-05 08:42
, 26#Sri_Radhastami.mp3, Festivals  - Śrī Rādhāstami, , , , hi, , , 10M, 2020-02-01 02:54