RGS_SB_05-,url, labels, arte, sloka, date, lang, place, video, size, lastUpdatTime
, #05-23_Hindi_-_2012-04-12_ISKCON_Juhu.mp3, Lecture on SB 5.5.23 at Iskcon Juhu, , sb.5.5.23, 2012-04-12, hi, Iskcon Juhu, , 10M, 2020-02-13 01:36
, #05-25_Hindi_-_2012-04-14_ISKCON_Juhu.mp3, Lecture on SB 5.5.25 at Iskcon Juhu, , sb.5.5.25, 2012-04-14, hi, Iskcon Juhu, , 18M, 2020-02-17 06:44
, #05-26_Hindi_-_2012-04-15_ISKCON_Juhu.mp3, Lecture on SB 5.5.26 at Iskcon Juhu, , sb.5.5.26, 2012-04-15, hi, Iskcon Juhu, , 18M, 2020-02-13 01:35
, #05-28_Hindi_-_2012-04-27_ISKCON_Juhu.mp3, Lecture on SB 5.5.28 at Iskcon Juhu, , sb.5.5.28, 2012-04-27, hi, Iskcon Juhu, , 12M, 2020-02-17 06:44
, #06-02_Hindi_-_2012-04-29_ISKCON_Juhu.mp3, Lecture on SB 5.6.2 at Iskcon Juhu, , sb.5.6.2, 2012-04-29, hi, Iskcon Juhu, , 17M, 2020-02-13 01:37
, #07-07_Hindi_-_2012-05-22_ISKCON_Juhu.mp3, Lecture on SB 5.7.7 at Iskcon Juhu, , sb.5.7.7, 2012-05-22, hi, Iskcon Juhu, , 11M, 2020-02-17 06:44
, #07-08_Hindi_-_2012-05-24_ISKCON_Juhu.mp3, Lecture on SB 5.7.8 at Iskcon Juhu, , sb.5.7.8, 2012-05-24, hi, Iskcon Juhu, , 14M, 2020-02-17 06:44
, #07-10_Hindi_-_2012-05-26_ISKCON_Juhu.mp3, Lecture on SB 5.7.10 at Iskcon Juhu, , sb.5.7.10, 2012-05-26, hi, Iskcon Juhu, , 15M, 2020-02-17 06:44
, #07-11_Hindi_-_2012-05-27_ISKCON_Juhu.mp3, Lecture on SB 5.7.11 at Iskcon Juhu, , sb.5.7.11, 2012-05-27, hi, Iskcon Juhu, , 15M, 2020-02-13 01:37
, #07-14_Hindi_-_2012-05-29_ISKCON_Juhu.mp3, Lecture on SB 5.7.14 at Iskcon Juhu, , sb.5.7.14, 2012-05-29, hi, Iskcon Juhu, , 17M, 2020-02-13 01:37
, #08-08_Hindi_-_2012-06-01_ISKCON_Juhu.mp3, Lecture on SB 5.8.8 at Iskcon Juhu, , sb.5.8.8, 2012-06-01, hi, Iskcon Juhu, , 14M, 2020-02-17 08:13
, #10-09_Hindi_-_2013-01-15_ISKCON_Juhu.mp3, Lecture on SB 5.10.9 at Iskcon Juhu, , sb.5.10.9, 2013-01-15, hi, Iskcon Juhu, , 12M, 2020-02-12 20:54
, #14-16_Hindi_-_2012-12-09_ISKCON_Juhu.mp3, Lecture on SB 5.14.16 at Iskcon Juhu, , sb.5.14.16, 2012-12-09, hi, Iskcon Juhu, , 11M, 2020-02-12 20:54
, #18-26_Hindi_-_Mira_Road.mp3, Mira Road, , sb.5.18.26, , hi, , , 13M, 2020-02-02 07:46
, #18-38_Hindi_-_2013-05-02_ISKCON_Juhu.mp3, Lecture on SB 5.18.38 at Iskcon Juhu, , sb.5.18.38, 2013-05-02, hi, Iskcon Juhu, , 8.6M, 2020-02-17 08:13
, #19-24_Hindi_-_Glory_of_Bharat_Varsha_-_Mira_Road.mp3, Glory of Bharat Varsha - Mira Road, , sb.5.19.24, , hi, , , 8.9M, 2020-02-02 07:58
, #19-27_Hindi_-_2013-06-06_ISKCON_Juhu.mp3, Lecture on SB 5.19.27 at Iskcon Juhu, , sb.5.19.27, 2013-06-06, hi, Iskcon Juhu, , 11M, 2020-02-17 08:13
, #21-03_Hindi_-_2013-06-22_ISKCON_Juhu.mp3, Lecture on SB 5.21.3 at Iskcon Juhu, , sb.5.21.3, 2013-06-22, hi, Iskcon Juhu, , 11M, 2020-02-17 08:13