_Hindi_-_Vrtisaura_aur_Chitraketu-,url, labels, arte, sloka, date, lang, place, video, size, lastUpdatTime
, RGS_SB_06-10-01_06-11-13#01_-_2016_Haridwar.mp3, Vrtisaura aur Chitraketu-01 -  Haridwar, , sb.6.10.1.6.11.13, 2016, hi, , , 14M, 2020-02-12 01:49
, RGS_SB_06-11-14_06-12-07#02_-_2016_Haridwar.mp3, Vrtisaura aur Chitraketu-02 -  Haridwar, , sb.6.11.14.6.12.7, 2016, hi, , , 12M, 2020-02-19 08:17
, RGS_SB_06-12-08_06-13-20#03_-_2016_Haridwar.mp3, Vrtisaura aur Chitraketu-03 -  Haridwar, , sb.6.12.8.6.13.20, 2016, hi, , , 11M, 2020-02-12 01:49
, RGS_SB_06-13-21-23#04_-_2016_Haridwar.mp3, Vrtisaura aur Chitraketu-04 -  Haridwar, , sb.6.13.21.23, 2016, hi, , , 12M, 2020-02-08 23:58
, RGS_SB_06-14-01-07#05_-_2016_Haridwar.mp3, Vrtisaura aur Chitraketu-05 -  Haridwar, , sb.6.14.1.7, 2016, hi, , , 11M, 2020-02-12 01:49
, RGS_SB_06-14-08-61#06_-_2016_Haridwar.mp3, Vrtisaura aur Chitraketu-06 -  Haridwar, , sb.6.14.8.61, 2016, hi, , , 10M, 2020-02-08 23:58
, RGS_SB_06-15-02-08#07_-_2016_Haridwar.mp3, Vrtisaura aur Chitraketu-07 -  Haridwar, , sb.6.15.2.8, 2016, hi, , , 11M, 2020-02-12 01:49
, RGS_SB_06-15-09-28#08_-_2016_Haridwar.mp3, Vrtisaura aur Chitraketu-08 -  Haridwar, , sb.6.15.9.28, 2016, hi, , , 12M, 2020-02-08 23:58
, RGS_SB_06-16-01-17#09_-_2016_Haridwar.mp3, Vrtisaura aur Chitraketu-09 -  Haridwar, , sb.6.16.1.17, 2016, hi, , , 12M, 2020-02-12 02:20
, RGS_SB_06-16-18-37#10_-_2016_Haridwar.mp3, Vrtisaura aur Chitraketu-10 -  Haridwar, , sb.6.16.18.37, 2016, hi, , , 13M, 2020-02-08 23:58
, RGS_SB_06-16-38-49#11_-_2016_Haridwar.mp3, Vrtisaura aur Chitraketu-11 -  Haridwar, , sb.6.16.38.49, 2016, hi, , , 9.9M, 2020-02-12 02:20
, RGS_SB_06-16-50-65#12_-_2016_Haridwar.mp3, Vrtisaura aur Chitraketu-12 -  Haridwar, , sb.6.16.50.65, 2016, hi, , , 12M, 2020-02-12 02:20
, RGS_SB_06-17-01-39#13_-_2016_Haridwar.mp3, Vrtisaura aur Chitraketu-13 -  Haridwar, , sb.6.17.1.39, 2016, hi, , , 12M, 2020-02-12 02:20
, RGS_SB_06-17-40-41#14_-_2016_Haridwar.mp3, Vrtisaura aur Chitraketu-14 -  Haridwar, , sb.6.17.40.41, 2016, hi, , , 1.4M, 2020-02-20 02:19