_-_2008_Haridwar.mp3,url, labels, arte, sloka, date, lang, place, video, size, lastUpdatTime
, 01_-_RGS_SB_10-41-01-18_-_Mathura_Lila-01#, Mathura Līlā-01 -  Haridwar, , sb.10.41.1.18, 2008, , , , 21M, 2020-02-12 09:15
, 02_-_RGS_SB_10-41-19-31_-_Mathura_Lila-02#, Mathura Līlā-02 -  Haridwar, , sb.10.41.19.31, 2008, , , , 20M, 2020-02-12 09:15
, 03_-_RGS_SB_10-41-32-52_-_Mathura_Lila-03#, Mathura Līlā-03 -  Haridwar, , sb.10.41.32.52, 2008, , , , 21M, 2020-02-12 09:15
, 04_-_RGS_SB_10-42-01-07_-_Mathura_Lila-04#, Mathura Līlā-04 -  Haridwar, , sb.10.42.1.7, 2008, , , , 26M, 2020-02-12 09:10
, 05_-_RGS_SB_10-42-08-30_-_Mathura_Lila-05#, Mathura Līlā-05 -  Haridwar, , sb.10.42.8.30, 2008, , , , 27M, 2020-02-12 09:18
, 06_-_RGS_SB_10-42-31_10-43-13_-_Mathura_Lila-06#, Mathura Līlā-06 -  Haridwar, , sb.10.42.31.10.43.13, 2008, , , , 19M, 2020-02-12 09:17
, 07_-_RGS_SB_10-43-14-21_-_Mathura_Lila-07#, Mathura Līlā-07 -  Haridwar, , sb.10.43.14.21, 2008, , , , 21M, 2020-02-12 09:17
, 08_-_RGS_SB_10-43-22-36_-_Mathura_Lila-08#, Mathura Līlā-08 -  Haridwar, , sb.10.43.22.36, 2008, , , , 17M, 2020-02-12 19:26
, 09_-_RGS_SB_10-43-37_10-44-12_-_Mathura_Lila-09#, Mathura Līlā-09 -  Haridwar, , sb.10.43.37.10.44.12, 2008, , , , 20M, 2020-02-12 19:27
, 10_-_RGS_SB_10-44-13-16_-_Mathura_Lila-10#, Mathura Līlā-10 -  Haridwar, , sb.10.44.13.16, 2008, , , , 21M, 2020-02-12 19:27
, 11_-_RGS_SB_10-44-17-49_-_Mathura_Lila-11#, Mathura Līlā-11 -  Haridwar, , sb.10.44.17.49, 2008, , , , 25M, 2020-02-12 19:27
, 12_-_RGS_SB_10-44-50_10-45-11_-_Mathura_Lila-12#, Mathura Līlā-12 -  Haridwar, , sb.10.44.50.10.45.11, 2008, , , , 16M, 2020-02-12 19:26
, 13_-_RGS_SB_10-45-12-25_-_Mathura_Lila-13#, Mathura Līlā-13 -  Haridwar, , sb.10.45.12.25, 2008, , , , 23M, 2020-02-12 19:27
, 14_-_RGS_SB_10-45-26-50_-_Mathura_Lila-14#, Mathura Līlā-14 -  Haridwar, , sb.10.45.26.50, 2008, , , , 23M, 2020-02-12 09:11