_Hindi_-_Krishna_Janma_Katha-,url, labels, arte, sloka, date, lang, place, video, size, lastUpdatTime
, 01_-_RGS_SB_09-24-53-65#01_-_2008_Maroda_UP.mp3, Kṛṣṇa Janma Katha-01 -  Maroda UP, , sb.9.24.53.65, 2008, hi, , , 18M, 2020-02-21 01:21
, 02_-_RGS_SB_09-24-65-67#02_-_2008_Maroda_UP.mp3, Kṛṣṇa Janma Katha-02 -  Maroda UP, , sb.9.24.65.67, 2008, hi, , , 6.3M, 2020-02-21 01:17
, 03_-_RGS_SB_10-01-01-14#03_-_2008_Maroda_UP.mp3, Kṛṣṇa Janma Katha-03 -  Maroda UP, , sb.10.1.1.14, 2008, hi, , , 18M, 2020-02-21 01:24
, 04_-_RGS_SB_10-01-15-27#04_-_2008_Maroda_UP.mp3, Kṛṣṇa Janma Katha-04 -  Maroda UP, , sb.10.1.15.27, 2008, hi, , , 20M, 2020-02-21 01:25
, 05_-_RGS_SB_10-01-28-36#05_-_2008_Maroda_UP.mp3, Kṛṣṇa Janma Katha-05 -  Maroda UP, , sb.10.1.28.36, 2008, hi, , , 17M, 2020-02-21 01:21
, 06_-_RGS_SB_10-01-37-42#06_-_2008_Maroda_UP.mp3, Kṛṣṇa Janma Katha-06 -  Maroda UP, , sb.10.1.37.42, 2008, hi, , , 28M, 2020-02-21 00:37
, 07_-_RGS_SB_10-01-43-55#07_-_2008_Maroda_UP.mp3, Kṛṣṇa Janma Katha-07 -  Maroda UP, , sb.10.1.43.55, 2008, hi, , , 16M, 2020-02-21 01:21
, 08_-_RGS_SB_10-01-56_10-02-15#08_-_2008_Maroda_UP.mp3, Kṛṣṇa Janma Katha-08 -  Maroda UP, , sb.10.1.56.10.2.15, 2008, hi, , , 22M, 2020-02-21 01:15
, 09_-_RGS_SB_10-02-16-24#09_-_2008_Maroda_UP.mp3, Kṛṣṇa Janma Katha-09 -  Maroda UP, , sb.10.2.16.24, 2008, hi, , , 12M, 2020-02-21 01:20
, 10_-_RGS_SB_10-02-25-27#10_-_2008_Maroda_UP.mp3, Kṛṣṇa Janma Katha-10 -  Maroda UP, , sb.10.2.25.27, 2008, hi, , , 25M, 2020-02-21 01:25
, 11_-_RGS_SB_10-02-28-33#11_-_2008_Maroda_UP.mp3, Kṛṣṇa Janma Katha-11 -  Maroda UP, , sb.10.2.28.33, 2008, hi, , , 11M, 2020-02-21 01:24
, 12_-_RGS_SB_10-02-41_10-04-46#12_-_2008_Maroda_UP.mp3, Kṛṣṇa Janma Katha-12 -  Maroda UP, , sb.10.2.41.10.4.46, 2008, hi, , , 9.5M, 2020-02-21 01:24
, 13_-_RGS_SB_10-05-01-19#13_-_2008_Maroda_UP.mp3, Kṛṣṇa Janma Katha-13 -  Maroda UP, , sb.10.5.1.19, 2008, hi, , , 5.1M, 2020-02-21 01:22