_-_2001_Haridwar.mp3,url, labels, arte, sloka, date, lang, place, video, size, lastUpdatTime
, 01_-_RGS_SB_10-20-01-13_Hindi_-_Venu_Geet-01#, Venu Geet-01 -  Haridwar, , sb.10.20.1.13, 2001, hi, , , 16M, 2020-02-01 19:26
, 02_-_RGS_SB_10-20-14-24_Hindi_-_Venu_Geet-02#, Venu Geet-02 -  Haridwar, , sb.10.20.14.24, 2001, hi, , , 14M, 2020-02-01 19:26
, 03_-_RGS_SB_10-20-25-35_Hindi_-_Venu_Geet-03#, Venu Geet-03 -  Haridwar, , sb.10.20.25.35, 2001, hi, , , 15M, 2020-02-01 19:26
, 04_-_RGS_SB_10-20-36-49_Hindi_-_Venu_Geet-04#, Venu Geet-04 -  Haridwar, , sb.10.20.36.49, 2001, hi, , , 15M, 2020-02-01 19:26
, 05_-_RGS_SB_10-21-01-04_Hindi_-_Venu_Geet-05#, Venu Geet-05 -  Haridwar, , sb.10.21.1.4, 2001, hi, , , 17M, 2020-02-01 19:26
, 06_-_RGS_SB_10-21-05_Hindi_-_Venu_Geet-06#, Venu Geet-06 -  Haridwar, , sb.10.21.5, 2001, hi, , , 13M, 2020-02-01 19:26
, 07_-_RGS_SB_10-21-06-08_Hindi_-_Venu_Geet-07#, Venu Geet-07 -  Haridwar, , sb.10.21.6.8, 2001, hi, , , 15M, 2020-02-01 19:26
, 08_-_RGS_SB_10-21-09_Hindi_-_Venu_Geet-08#, Venu Geet-08 -  Haridwar, , sb.10.21.9, 2001, hi, , , 19M, 2020-02-01 19:27
, 09_-_RGS_SB_10-21-10-11_Hindi_-_Venu_Geet-09#, Venu Geet-09 -  Haridwar, , sb.10.21.10.11, 2001, hi, , , 13M, 2020-02-01 19:27
, 10_-_RGS_SB_10-21-12-13_Hindi_-_Venu_Geet-10#, Venu Geet-10 -  Haridwar, , sb.10.21.12.13, 2001, hi, , , 17M, 2020-02-01 19:27
, 11_-_RGS_SB_10-21-14-15_Hindi_-_Venu_Geet-11#, Venu Geet-11 -  Haridwar, , sb.10.21.14.15, 2001, hi, , , 12M, 2020-02-01 19:27
, 12_-_RGS_SB_10-21-16-17_Hindi_-_Venu_Geet-12#, Venu Geet-12 -  Haridwar, , sb.10.21.16.17, 2001, hi, , , 18M, 2020-02-01 19:27
, 13_-_RGS_SB_10-21-18_Hindi_-_Venu_Geet-13#, Venu Geet-13 -  Haridwar, , sb.10.21.18, 2001, hi, , , 15M, 2020-02-01 19:27
, 14_-_RGS_SB_10-21-19-20_Hindi_-_Venu_Geet-14#, Venu Geet-14 -  Haridwar, , sb.10.21.19.20, 2001, hi, , , 13M, 2020-02-01 19:27