_-_RGS_SB_,url, labels, arte, sloka, date, lang, place, video, size, lastUpdatTime
, 01#09-14-01-20_Hindi_-_King_Pururava_Enchanted_by_Urvasi.mp3, King Pururava Enchanted by Urvasi, , sb.9.14.1.20, , hi, , , 15M, 2020-02-26 00:30
, 02#09-14-21-49_Hindi_-_King_Pururava_Enchanted_by_Urvasi.mp3, King Pururava Enchanted by Urvasi, , sb.9.14.21.49, , hi, , , 15M, 2020-02-26 00:30
, 03#11-26-01-14_Hindi_-_The_Aila-Gita.mp3, SB -14  - The Aila-Gītā, , .bg, 11-26-01, hi, , , 16M, 2020-02-25 03:43
, 04#11-26-15-22_Hindi_-_The_Aila-Gita.mp3, SB -22  - The Aila-Gītā, , .bg, 11-26-15, hi, , , 9.0M, 2020-02-26 01:05
, 05#11-26-23-35_Hindi_-_The_Aila-Gita.mp3, SB -35  - The Aila-Gītā, , .bg, 11-26-23, hi, , , 18M, 2020-02-26 01:03
, 06#09-15-01-41_Hindi_-_Lord_Parasurama.mp3, Lord Parasurama, , sb.9.15.1.41, , hi, , , 21M, 2020-02-26 01:18
, 07#09-16-01_09-17-17_Hindi_-_Lord_Parasurama.mp3, Lord Parasurama, , sb.9.16.1.9.17.17, , hi, , , 13M, 2020-02-25 05:29
, 08#09-18-01-28_Hindi_-_King_Yayati_Marriage.mp3, King Yayati Marriage, , sb.9.18.1.28, , hi, , , 17M, 2020-02-26 02:22
, 09#09-18-29-51_Hindi_-_King_Yayati_Regains_His_Youth.mp3, King Yayati Regains His Youth, , sb.9.18.29.51, , hi, , , 16M, 2020-02-26 02:22
, 10#09-19-01_09-20-19_Hindi_-_King_Yayati_Achieves_Liberation.mp3, King Yayati Achieves Liberation, , sb.9.19.1.9.20.19, , hi, , , 23M, 2020-02-25 06:21
, 11#09-20-20_09-21-06_Hindi_-_Maharaj_Bharata_Rantideva.mp3, Maharaj Bharata Rantideva, , sb.9.20.20.9.21.6, , hi, , , 16M, 2020-02-25 08:49