_-_2007_Haridwar.mp3,url, labels, arte, sloka, date, lang, place, video, size, lastUpdatTime
, 01_-_RGS_SB_10-34-01-19_-_Yugal_Geet-01#, Yugal Geet-01 -  Haridwar, , sb.10.34.1.19, 2007, , , , 23M, 2020-02-03 06:18
, 02_-_RGS_SB_10-34-20-32_-_Yugal_Geet-02#, Yugal Geet-02 -  Haridwar, , sb.10.34.20.32, 2007, , , , 11M, 2020-02-19 01:28
, 03_-_RGS_SB_10-35-01-05_-_Yugal_Geet-03#, Yugal Geet-03 -  Haridwar, , sb.10.35.1.5, 2007, , , , 21M, 2020-02-03 06:12
, 04_-_RGS_SB_10-35-06-11_-_Yugal_Geet-04#, Yugal Geet-04 -  Haridwar, , sb.10.35.6.11, 2007, , , , 18M, 2020-02-19 02:19
, 05_-_RGS_SB_10-35-12-23_-_Yugal_Geet-05#, Yugal Geet-05 -  Haridwar, , sb.10.35.12.23, 2007, , , , 24M, 2020-02-19 02:19
, 06_-_RGS_SB_10-35-24-26_-_Yugal_Geet-06#, Yugal Geet-06 -  Haridwar, , sb.10.35.24.26, 2007, , , , 14M, 2020-02-19 01:28
, 07_-_RGS_SB_10-36-15-37_-_Yugal_Geet-07#, Yugal Geet-07 -  Haridwar, , sb.10.36.15.37, 2007, , , , 24M, 2020-02-03 06:16
, 08_-_RGS_SB_10-36-38_10-37-20_-_Yugal_Geet-08#, Yugal Geet-08 -  Haridwar, , sb.10.36.38.10.37.20, 2007, , , , 21M, 2020-02-03 06:16
, 09_-_RGS_SB_10-37-15-20_-_Yugal_Geet-09#, Yugal Geet-09 -  Haridwar, , sb.10.37.15.20, 2007, , , , 2.3M, 2020-02-19 01:45
, 10_-_RGS_SB_10-38-01-10_-_Yugal_Geet-10#, Yugal Geet-10 -  Haridwar, , sb.10.38.1.10, 2007, , , , 20M, 2020-02-19 01:28
, 11_-_RGS_SB_10-38-11-19_-_Yugal_Geet-11#, Yugal Geet-11 -  Haridwar, , sb.10.38.11.19, 2007, , , , 18M, 2020-02-19 02:19
, 12_-_RGS_SB_10-38-20-27_-_Yugal_Geet-12#, Yugal Geet-12 -  Haridwar, , sb.10.38.20.27, 2007, , , , 14M, 2020-02-19 02:18
, 13_-_RGS_SB_10-38-28-43_-_Yugal_Geet-13#, Yugal Geet-13 -  Haridwar, , sb.10.38.28.43, 2007, , , , 14M, 2020-02-19 01:29