_Hindi_-_Kapil_Devahuti_Samvad-,url, labels, arte, sloka, date, lang, place, video, size, lastUpdatTime
, RGS_SB_03-23-01-11#01_-_2005_Bhubaneswar.mp3, Kapil Devahuti Samvad-01 -  Bhubaneswar, , sb.3.23.1.11, 2005, hi, , , 16M, 2020-02-15 23:14
, RGS_SB_03-23-12-48#02_-_2005_Bhubaneswar.mp3, Kapil Devahuti Samvad-02 -  Bhubaneswar, , sb.3.23.12.48, 2005, hi, , , 22M, 2020-02-15 23:14
, RGS_SB_03-23-49-57#03_-_2005_Bhubaneswar.mp3, Kapil Devahuti Samvad-03 -  Bhubaneswar, , sb.3.23.49.57, 2005, hi, , , 13M, 2020-02-15 23:14
, RGS_SB_03-24-01-20#04_-_2005_Bhubaneswar.mp3, Kapil Devahuti Samvad-04 -  Bhubaneswar, , sb.3.24.1.20, 2005, hi, , , 22M, 2020-02-15 23:09
, RGS_SB_03-24-21-32#05_-_2005_Bhubaneswar.mp3, Kapil Devahuti Samvad-05 -  Bhubaneswar, , sb.3.24.21.32, 2005, hi, , , 15M, 2020-02-15 23:12
, RGS_SB_03-24-33-40#06_-_2005_Bhubaneswar.mp3, Kapil Devahuti Samvad-06 -  Bhubaneswar, , sb.3.24.33.40, 2005, hi, , , 17M, 2020-02-15 23:07
, RGS_SB_03-24-41-47#07_-_2005_Bhubaneswar.mp3, Kapil Devahuti Samvad-07 -  Bhubaneswar, , sb.3.24.41.47, 2005, hi, , , 15M, 2020-02-15 23:12
, RGS_SB_03-25-01-07#08_-_2005_Bhubaneswar.mp3, Kapil Devahuti Samvad-08 -  Bhubaneswar, , sb.3.25.1.7, 2005, hi, , , 16M, 2020-02-15 23:12
, RGS_SB_03-25-08-12#09_-_2005_Bhubaneswar.mp3, Kapil Devahuti Samvad-09 -  Bhubaneswar, , sb.3.25.8.12, 2005, hi, , , 16M, 2020-02-15 23:12
, RGS_SB_03-25-13-19#10_-_2005_Bhubaneswar.mp3, Kapil Devahuti Samvad-10 -  Bhubaneswar, , sb.3.25.13.19, 2005, hi, , , 16M, 2020-02-15 23:12
, RGS_SB_03-25-20-27#11_-_2005_Bhubaneswar.mp3, Kapil Devahuti Samvad-11 -  Bhubaneswar, , sb.3.25.20.27, 2005, hi, , , 15M, 2020-02-15 23:14
, RGS_SB_03-25-28-34#12_-_2005_Bhubaneswar.mp3, Kapil Devahuti Samvad-12 -  Bhubaneswar, , sb.3.25.28.34, 2005, hi, , , 18M, 2020-02-15 23:13
, RGS_SB_03-25-35-44#13_-_2005_Bhubaneswar.mp3, Kapil Devahuti Samvad-13 -  Bhubaneswar, , sb.3.25.35.44, 2005, hi, , , 8.9M, 2020-02-15 23:13