_-_2008_Vrindavan.mp3,url, labels, arte, sloka, date, lang, place, video, size, lastUpdatTime
, 01_-_RGS_SB_10-06-01-06_-_Nama_Sanskar-01#, Nama Sanskar-01 -  Vṛndāvana, , sb.10.6.1.6, 2008, , Vṛndāvana, , 8.3M, 2020-02-08 08:44
, 02_-_RGS_SB_10-06-07-09_-_Nama_Sanskar-02#, Nama Sanskar-02 -  Vṛndāvana, , sb.10.6.7.9, 2008, , Vṛndāvana, , 16M, 2020-02-08 08:44
, 03_-_RGS_SB_10-06-10-17_-_Nama_Sanskar-03#, Nama Sanskar-03 -  Vṛndāvana, , sb.10.6.10.17, 2008, , Vṛndāvana, , 13M, 2020-02-22 01:40
, 04_-_RGS_SB_10-06-18-34_-_Nama_Sanskar-04#, Nama Sanskar-04 -  Vṛndāvana, , sb.10.6.18.34, 2008, , Vṛndāvana, , 16M, 2020-02-22 01:41
, 05_-_RGS_SB_10-06-35-44_-_Nama_Sanskar-05#, Nama Sanskar-05 -  Vṛndāvana, , sb.10.6.35.44, 2008, , Vṛndāvana, , 13M, 2020-02-22 01:33
, 06_-_RGS_SB_10-07-01-17_-_Nama_Sanskar-06#, Nama Sanskar-06 -  Vṛndāvana, , sb.10.7.1.17, 2008, , Vṛndāvana, , 15M, 2020-02-08 08:44
, 07_-_RGS_SB_10-07-18-37_-_Nama_Sanskar-07#, Nama Sanskar-07 -  Vṛndāvana, , sb.10.7.18.37, 2008, , Vṛndāvana, , 18M, 2020-02-22 01:41
, 08_-_RGS_SB_10-08-01-20_-_Nama_Sanskar-08#, Nama Sanskar-08 -  Vṛndāvana, , sb.10.8.1.20, 2008, , Vṛndāvana, , 18M, 2020-02-08 08:44
, 09_-_RGS_SB_10-08-21-28_-_Nama_Sanskar-09#, Nama Sanskar-09 -  Vṛndāvana, , sb.10.8.21.28, 2008, , Vṛndāvana, , 12M, 2020-02-08 08:44
, 10_-_RGS_SB_10-08-29-42_-_Nama_Sanskar-10#, Nama Sanskar-10 -  Vṛndāvana, , sb.10.8.29.42, 2008, , Vṛndāvana, , 16M, 2020-02-08 08:44
, 11_-_RGS_SB_10-08-43-45_-_Nama_Sanskar-11#, Nama Sanskar-11 -  Vṛndāvana, , sb.10.8.43.45, 2008, , Vṛndāvana, , 15M, 2020-02-08 08:44
, 12_-_RGS_SB_10-08-46-52_-_Nama_Sanskar-12#, Nama Sanskar-12 -  Vṛndāvana, , sb.10.8.46.52, 2008, , Vṛndāvana, , 9.5M, 2020-02-08 08:44