_Hindi_-_Ajamila_Katha_Part-,url, labels, arte, sloka, date, lang, place, video, size, lastUpdatTime
, 01_-_RGS_SB_06-01-01-18#01_-_2004.mp3, Ajamila Katha Part-01, , sb.6.1.1.18, 2004, hi, , , 18M, 2020-02-18 02:12
, 02_-_RGS_SB_06-01-19-23#02_-_2004.mp3, Ajamila Katha Part-02, , sb.6.1.19.23, 2004, hi, , , 9.1M, 2020-02-19 06:25
, 03_-_RGS_SB_06-01-24-36#03_-_2004.mp3, Ajamila Katha Part-03, , sb.6.1.24.36, 2004, hi, , , 11M, 2020-02-19 07:13
, 04_-_RGS_SB_06-01-37-42#04_-_2004.mp3, Ajamila Katha Part-04, , sb.6.1.37.42, 2004, hi, , , 9.3M, 2020-02-19 07:48
, 05_-_RGS_SB_06-01-43-48#05_-_2004.mp3, Ajamila Katha Part-05, , sb.6.1.43.48, 2004, hi, , , 7.9M, 2020-02-19 07:48
, 06_-_RGS_SB_06-01-49-50#06_-_2004.mp3, Ajamila Katha Part-06, , sb.6.1.49.50, 2004, hi, , , 9.8M, 2020-02-19 07:14
, 07_-_RGS_SB_06-01-51-55#07_-_2004.mp3, Ajamila Katha Part-07, , sb.6.1.51.55, 2004, hi, , , 9.3M, 2020-02-19 07:13
, 08_-_RGS_SB_06-01-56-68#08_-_2004.mp3, Ajamila Katha Part-08, , sb.6.1.56.68, 2004, hi, , , 13M, 2020-02-19 07:16
, 09_-_RGS_SB_06-02-01-23#09_-_2004.mp3, Ajamila Katha Part-09, , sb.6.2.1.23, 2004, hi, , , 18M, 2020-02-19 07:13
, 10_-_RGS_SB_06-02-24-49#10_-_2004.mp3, Ajamila Katha Part-10, , sb.6.2.24.49, 2004, hi, , , 18M, 2020-02-19 07:17
, 11_-_RGS_SB_06-03-01-22#11_-_2004.mp3, Ajamila Katha Part-11, , sb.6.3.1.22, 2004, hi, , , 16M, 2020-02-18 02:12
, 12_-_RGS_SB_06-03-23-35#12_-_2004.mp3, Ajamila Katha Part-12, , sb.6.3.23.35, 2004, hi, , , 16M, 2020-02-18 02:12
, 13_-_RGS_SB_06#13_Q&amp;A_-_2004.mp3, Ajamila Katha Part-13 Q&amp;A, , sb.6, 2004, hi, , , 2.8M, 2020-02-18 02:12