_Hindi_-_Aghasur_Uddhar_Leela-,url, labels, arte, sloka, date, lang, place, video, size, lastUpdatTime
, 01_-_RGS_SB_10-12-01-12#Morning_Day-01_-_2014_Haridwar.mp3, Aghasur Uddhar Leela-Morning Day-01 -  Haridwar, , sb.10.12.1.12, 2014, hi, , , 12M, 2020-02-04 03:19
, 02_-_RGS_SB_10-12-13-15#Evening_Day-01_-_2014_Haridwar.mp3, Aghasur Uddhar Leela-Evening Day-01 -  Haridwar, , sb.10.12.13.15, 2014, hi, , , 15M, 2020-02-04 03:19
, 03_-_RGS_SB_10-12-16-26#Morning_Day-02_-_2014_Haridwar.mp3, Aghasur Uddhar Leela-Morning Day-02 -  Haridwar, , sb.10.12.16.26, 2014, hi, , , 13M, 2020-02-04 03:19
, 04_-_RGS_SB_10-12-27-37#Evening_Day-02_-_2014_Haridwar.mp3, Aghasur Uddhar Leela-Evening Day-02 -  Haridwar, , sb.10.12.27.37, 2014, hi, , , 12M, 2020-02-04 03:19
, 05_-_RGS_SB_10-12-38_10-13-02#Morning_Day-03_-_2014_Haridwar.mp3, Aghasur Uddhar Leela-Morning Day-03 -  Haridwar, , sb.10.12.38.10.13.2, 2014, hi, , , 16M, 2020-02-04 03:19
, 06_-_RGS_SB_10-13-03-10#Evening_Day-03_-_2014_Haridwar.mp3, Aghasur Uddhar Leela-Evening Day-03 -  Haridwar, , sb.10.13.3.10, 2014, hi, , , 13M, 2020-02-04 06:08
, 07_-_RGS_SB_10-13-11-21#Morning_Day-04_-_2014_Haridwar.mp3, Aghasur Uddhar Leela-Morning Day-04 -  Haridwar, , sb.10.13.11.21, 2014, hi, , , 20M, 2020-02-04 06:09
, 08_-_RGS_SB_10-13-22-26#Evening_Day-04_-_2014_Haridwar.mp3, Aghasur Uddhar Leela-Evening Day-04 -  Haridwar, , sb.10.13.22.26, 2014, hi, , , 14M, 2020-02-04 06:08
, 09_-_RGS_SB_10-13-27-39#Morning_Day-05_-_2014_Haridwar.mp3, Aghasur Uddhar Leela-Morning Day-05 -  Haridwar, , sb.10.13.27.39, 2014, hi, , , 21M, 2020-02-04 06:09
, 10_-_RGS_SB_10-13-40-57#Evening_Day-05_-_2014_Haridwar.mp3, Aghasur Uddhar Leela-Evening Day-05 -  Haridwar, , sb.10.13.40.57, 2014, hi, , , 14M, 2020-02-04 06:08
, 11_-_RGS_SB_10-13-58-60#Morning_Day-06_-_2014_Haridwar.mp3, Aghasur Uddhar Leela-Morning Day-06 -  Haridwar, , sb.10.13.58.60, 2014, hi, , , 9.8M, 2020-02-04 06:08
, 12_-_RGS_SB_10-13-61-64#Evening_Day-06_-_2014_Haridwar.mp3, Aghasur Uddhar Leela-Evening Day-06 -  Haridwar, , sb.10.13.61.64, 2014, hi, , , 6.7M, 2020-02-04 06:08
, 13_-_RGS_SB_10-14-01-61#Morning_Day-07_-_2014_Haridwar.mp3, Aghasur Uddhar Leela-Morning Day-07 -  Haridwar, , sb.10.14.1.61, 2014, hi, , , 5.1M, 2020-02-04 06:08